"Campaign Name",Ends,"Campaign ID",Impressions,"Link Clicks","Post Shares","Post Comments","Post Engagement","Post Reactions",Starts,"Reporting Starts","Reporting Ends","Amount Spent (USD)"
"Post: ""Hydrogen cyanide is found in rat poison. It’s...""",2017-07-19,6076520279839,1491,3,25,10,151,66,2017-07-17,2017-04-19,2017-07-19,8.27
"Post: ""Nicotine is highly addictive. Every day in the US...""",2017-07-19,6076509762239,1108,1,7,1,98,75,2017-07-17,2017-04-19,2017-07-19,8.28
"Instagram Post",2017-07-19,6076509737239,653,12,,1,78,65,2017-07-17,2017-04-19,2017-07-19,8
"Instagram Post",2017-07-19,6076507105239,1276,6,,,78,72,2017-07-17,2017-04-19,2017-07-19,8
"Instagram Post",2017-07-18,6076475739639,1879,,,1,45,44,2017-07-16,2017-04-19,2017-07-19,8
"Post: ""#Smoking can shorten your life by over 12%. If...""",2017-07-18,6076473364039,934,1,13,3,92,56,2017-07-16,2017-04-19,2017-07-19,8.28
"Post: ""#Smoking can shorten your life by 10 years. If...""",2017-07-18,6076471841439,466,,8,,45,32,2017-07-16,2017-04-19,2017-07-19,8.28
"Post: ""Even if we don’t smoke, we could be breathing in...""",2017-07-18,6076465733039,1026,,5,4,73,50,2017-07-16,2017-04-19,2017-07-19,8.28
"Instagram Post",2017-07-18,6076465628039,574,2,,,57,55,2017-07-16,2017-04-19,2017-07-19,8
"Instagram Post",2017-07-18,6076464092439,1090,6,,1,84,77,2017-07-16,2017-04-19,2017-07-19,8
"Instagram Post",2017-07-17,6076446332839,1049,5,,,19,14,2017-07-15,2017-04-19,2017-07-19,8
"Post: ""There is no safe level of exposure to secondhand...""",2017-07-17,6076441985039,1137,3,10,7,97,52,2017-07-15,2017-04-19,2017-07-19,8.28
"Post: ""You can never buy back time, so keep it...""",2017-07-17,6076437039839,602,,4,1,65,52,2017-07-15,2017-04-19,2017-07-19,8.28
"Instagram Post",2017-07-17,6076437005439,930,5,,,70,65,2017-07-15,2017-04-19,2017-07-19,8
"Instagram Post",2017-07-17,6076434445639,878,2,,,84,82,2017-07-15,2017-04-19,2017-07-19,8
"Instagram Post",2017-07-16,6076409395039,794,5,,,81,76,2017-07-14,2017-04-19,2017-07-19,8
"Post: ""Over 16 million Americans have a disease caused...""",2017-07-17,6076405602839,1041,3,10,3,88,54,2017-07-14,2017-04-19,2017-07-19,8.28
"Post: ""About 40% of US non-smokers are exposed to toxic...""",2017-07-16,6076401954639,839,,11,,85,60,2017-07-14,2017-04-19,2017-07-19,8.28
"Post: ""Polonium-210 is a chemical in #cigarette smoke....""",2017-07-16,6076392517439,509,2,,,282,280,2017-07-14,2017-04-19,2017-07-19,8.28
"Instagram Post",2017-07-16,6076392486839,1114,3,,,20,17,2017-07-14,2017-04-19,2017-07-19,8
"Instagram Post",2017-07-16,6076390358039,2556,1,,1,37,35,2017-07-14,2017-04-19,2017-07-19,8
"Instagram Post",2017-07-15,6076360797439,893,,1,,63,62,2017-07-13,2017-04-19,2017-07-19,8
"Post: ""#Smoking damages DNA, which can cause cancer...""",2017-07-15,6076357492439,856,3,18,2,102,58,2017-07-13,2017-04-19,2017-07-19,8.28
"Post: ""160,000+ US cancer deaths every year are linked...""",2017-07-15,6076352444839,619,1,7,5,78,58,2017-07-13,2017-04-19,2017-07-19,8.28
"Post: ""Using #tobacco products can lead to addiction and...""",2017-07-15,6076341877639,596,,2,1,71,60,2017-07-13,2017-04-19,2017-07-19,8.28
"Instagram Post",2017-07-15,6076341848439,2268,1,,,63,62,2017-07-13,2017-04-19,2017-07-19,8
"Instagram Post",2017-07-15,6076337361439,768,4,,,18,14,2017-07-13,2017-04-19,2017-07-19,8
"Instagram Post",2017-07-14,6076300646039,919,4,,1,76,71,2017-07-12,2017-04-19,2017-07-19,8
"Post: ""#Smoking can weaken your immune system, leaving...""",2017-07-14,6076296546639,930,3,6,2,83,54,2017-07-12,2017-04-19,2017-07-19,8.28
"Post: ""In the US, about 20% of all deaths are caused by...""",2017-07-14,6076291787239,1342,1,8,5,100,72,2017-07-12,2017-04-19,2017-07-19,8.28
"Post: ""Even if you don’t smoke, you could be breathing...""",2017-07-14,6076282913239,1092,2,9,4,89,53,2017-07-12,2017-04-19,2017-07-19,8.28
"Instagram Post",2017-07-14,6076282828639,920,4,,,67,63,2017-07-12,2017-04-19,2017-07-19,8
"Instagram Post",2017-07-14,6076280526239,1032,2,,,74,72,2017-07-12,2017-04-19,2017-07-19,8
"Instagram Post",2017-07-13,6076249059639,933,7,,2,67,58,2017-07-11,2017-04-19,2017-07-19,8
"Post: ""Smokers die about 12% earlier than non-smokers....""",2017-07-13,6076244200039,974,,9,2,71,48,2017-07-11,2017-04-19,2017-07-19,8.28
"Post: ""#Tobacco use causes ~20% of all US deaths-more...""",2017-07-13,6076240268439,967,4,6,2,83,54,2017-07-11,2017-04-19,2017-07-19,8.28
"Post: ""Secondhand smoke causes 40000+ US deaths per...""",2017-07-13,6076230165839,932,,12,3,92,65,2017-07-11,2017-04-19,2017-07-19,8.28
"Instagram Post",2017-07-13,6076230152239,2001,1,,,34,33,2017-07-11,2017-04-19,2017-07-19,8
"Instagram Post",2017-07-13,6076227077639,1106,1,,1,97,95,2017-07-11,2017-04-19,2017-07-19,8
"Instagram Post",2017-07-12,6076196091639,1688,5,,,73,68,2017-07-10,2017-04-19,2017-07-19,8
"Post: ""If nobody smoked, about 30% of cancer deaths in...""",2017-07-12,6076191774239,867,1,4,3,107,92,2017-07-10,2017-04-19,2017-07-19,8.28
"Post: ""Over 100 million non-smokers in this country are...""",2017-07-12,6076187023239,1049,,6,2,68,43,2017-07-10,2017-04-19,2017-07-19,8.28
"Post: ""Even occasional #smoking can hurt you. If nobody...""",2017-07-12,6076176028239,1049,1,9,2,88,55,2017-07-10,2017-04-19,2017-07-19,8.28
"Instagram Post",2017-07-12,6076176000639,1380,4,,,71,67,2017-07-10,2017-04-19,2017-07-19,8
"Instagram Post",2017-07-12,6076173173439,1515,2,,,91,89,2017-07-10,2017-04-19,2017-07-19,8
"Instagram Post",2017-07-11,6076144394239,1496,1,,,85,84,2017-07-09,2017-04-19,2017-07-19,8
"Post: ""About 40% of non-smokers in this country are...""",2017-07-11,6076141567239,1158,,4,4,90,55,2017-07-09,2017-04-19,2017-07-19,8.28
"Post: ""Even if someone doesn't smoke, they could be...""",2017-07-11,6076138302239,1345,1,9,7,105,51,2017-07-09,2017-04-19,2017-07-19,8.28
"Post: ""Secondhand smoke causes 40,000+ US deaths per...""",2017-07-11,6076129958039,1171,1,15,3,98,60,2017-07-09,2017-04-19,2017-07-19,8.28
"Instagram Post",2017-07-11,6076129919039,1554,5,,,107,102,2017-07-09,2017-04-19,2017-07-19,8
"Instagram Post",2017-07-11,6076128617239,1241,5,,,106,101,2017-07-09,2017-04-19,2017-07-19,8
"Instagram Post",2017-07-10,6076110345639,2279,2,,,33,31,2017-07-08,2017-04-19,2017-07-19,8
"Post: ""Look out for the lil ones by keeping it...""",2017-07-10,6076108029239,1144,2,9,,85,62,2017-07-08,2017-04-19,2017-07-19,8.28
"Post: ""#Tobacco is a major preventable cause of death....""",2017-07-10,6076105333839,1378,1,14,6,127,81,2017-07-08,2017-04-19,2017-07-19,8.28
"Post: ""There is no safe level of exposure to secondhand...""",2017-07-10,6076098951839,1374,1,15,4,95,64,2017-07-08,2017-04-19,2017-07-19,8.28
"Instagram Post",2017-07-10,6076098899039,1756,6,,,63,57,2017-07-08,2017-04-19,2017-07-19,8
"Instagram Post",2017-07-10,6076097341639,1506,5,,,108,103,2017-07-08,2017-04-19,2017-07-19,8
"Instagram Post",2017-07-09,6075676030839,1071,4,,,91,87,2017-07-07,2017-04-19,2017-07-19,8
"Post: ""#Smoking damages DNA, which can lead to cancer...""",2017-07-09,6075634383039,933,,4,3,81,67,2017-07-07,2017-04-19,2017-07-19,8.28
"Post: ""Even occasional #smoking can hurt you. On...""",2017-07-09,6075621687639,980,3,6,3,70,43,2017-07-07,2017-04-19,2017-07-19,8.28
"Instagram Post",2017-07-09,6075611338439,1570,4,,2,64,58,2017-07-07,2017-04-19,2017-07-19,8
"Post: ""#Smoking can destroy the tiny hairs that help...""",2017-07-09,6075611317439,1006,1,11,5,84,50,2017-07-07,2017-04-19,2017-07-19,8.28
"Instagram Post",2017-07-09,6075607901639,1302,3,,,44,41,2017-07-07,2017-04-19,2017-07-19,8
"Instagram Post",2017-07-08,6075573039639,1188,3,,,99,96,2017-07-06,2017-04-19,2017-07-19,8
"Post: ""Smoking #cigarettes can claim more than 10 years...""",2017-07-08,6075569409639,966,1,11,4,99,60,2017-07-06,2017-04-19,2017-07-19,8.28
"Post: ""If nobody smoked, about 30% of US cancer deaths...""",2017-07-08,6075562739439,1037,4,21,2,102,57,2017-07-06,2017-04-19,2017-07-19,8.28
"Post: ""If nobody smoked, about 160,000 cancer deaths in...""",2017-07-08,6075552854439,1449,3,11,17,196,53,2017-07-06,2017-04-19,2017-07-19,8.28
"Instagram Post",2017-07-08,6075552734039,1202,1,,4,66,61,2017-07-06,2017-04-19,2017-07-19,8
"Instagram Post",2017-07-08,6075550260639,1141,3,,7,19,9,2017-07-06,2017-04-19,2017-07-19,8
"Instagram Post",2017-07-07,6075518191839,1228,6,,,70,64,2017-07-05,2017-04-19,2017-07-19,8
"Post: ""If nobody used tobacco, ~230,000 US cancer deaths...""",2017-07-07,6075515333039,1016,1,15,3,83,55,2017-07-05,2017-04-19,2017-07-19,8.28
"Post: ""If you smoke, you may be cuttin’ your time with...""",2017-07-07,6075511070239,699,1,12,5,87,56,2017-07-05,2017-04-19,2017-07-19,8.28
"Post: ""Hydrogen cyanide is found in #cigarette smoke....""",2017-07-07,6075501864239,2157,5,40,18,246,91,2017-07-05,2017-04-19,2017-07-19,8.28
"Instagram Post",2017-07-07,6075501608239,2146,4,,,62,58,2017-07-05,2017-04-19,2017-07-19,8
"Instagram Post",2017-07-07,6075498643439,1331,5,,,31,26,2017-07-05,2017-04-19,2017-07-19,8
"Instagram Post",2017-07-06,6075467989439,3259,3,,,24,21,2017-07-04,2017-04-19,2017-07-19,8
"Post: ""About 30% of US cancer deaths are linked to...""",2017-07-06,6075465500439,808,,4,,60,47,2017-07-04,2017-04-19,2017-07-19,8.28
"Post: ""About 30% of cancer deaths in the US are linked...""",2017-07-06,6075461750239,897,,10,1,66,53,2017-07-04,2017-04-19,2017-07-19,8.28
"Post: ""Over 15 million 3-11 year-olds are exposed to...""",2017-07-06,6075452800439,1098,1,12,4,109,62,2017-07-04,2017-04-19,2017-07-19,8.28
"Instagram Post",2017-07-06,6075452721439,480,9,,,108,99,2017-07-04,2017-04-19,2017-07-19,8
"Instagram Post",2017-07-06,6075449865839,1548,7,,1,86,78,2017-07-04,2017-04-19,2017-07-19,8
"Instagram Post",2017-07-05,6075413481639,1210,2,,,117,115,2017-07-03,2017-04-19,2017-07-19,8
"Post: ""Some say they smoke to reduce stress. Nope....""",2017-07-05,6075409975839,879,,7,3,90,64,2017-07-03,2017-04-19,2017-07-19,8.28
"Post: ""Using #tobacco products can lead to addiction and...""",2017-07-05,6075404136439,813,,6,3,85,63,2017-07-03,2017-04-19,2017-07-19,8.28
"Post: ""If you smoke, you may be cuttin’ your time with...""",2017-07-05,6075390359239,643,1,6,2,69,45,2017-07-03,2017-04-19,2017-07-19,8.28
"Instagram Post",2017-07-05,6075390224239,1096,1,,,110,109,2017-07-03,2017-04-19,2017-07-19,8
"Instagram Post",2017-07-05,6075386547039,1676,5,,,33,28,2017-07-03,2017-04-19,2017-07-19,8
"Instagram Post",2017-07-04,6075353230639,2749,2,,1,62,59,2017-07-02,2017-04-19,2017-07-19,8
"Post: ""#Smoking damages your DNA, which can lead to...""",2017-07-04,6075351034039,843,,11,2,75,53,2017-07-02,2017-04-19,2017-07-19,8.28
"Post: ""You can never buy back time, so keep it...""",2017-07-04,6075348633039,843,,13,2,81,53,2017-07-02,2017-04-19,2017-07-19,8.28
"Post: ""There is no safe level of exposure to secondhand...""",2017-07-04,6075343046839,898,1,8,7,75,45,2017-07-02,2017-04-19,2017-07-19,8.28
"Instagram Post",2017-07-04,6075342895439,1760,3,,,21,18,2017-07-02,2017-04-19,2017-07-19,8
"Instagram Post",2017-07-04,6075341330239,1066,4,,,108,104,2017-07-02,2017-04-19,2017-07-19,8
"Instagram Post",2017-07-03,6075322887639,1257,3,,1,90,86,2017-07-01,2017-04-19,2017-07-19,8
"Post: ""3 out of 4 teen smokers become adult smokers....""",2017-07-03,6075321097439,882,,8,7,79,54,2017-07-01,2017-04-19,2017-07-19,8.28
"Post: ""Nicotine can change the way our brains work,...""",2017-07-03,6075317559839,1374,2,8,8,246,119,2017-07-01,2017-04-19,2017-07-19,8.28
"Post: ""Even occasional #smoking can hurt you. Every...""",2017-07-03,6075311170239,978,1,13,4,94,61,2017-07-01,2017-04-19,2017-07-19,8.28
"Instagram Post",2017-07-03,6075310927639,765,3,,,23,20,2017-07-01,2017-04-19,2017-07-19,8
"Instagram Post",2017-07-03,6075309304639,1147,2,,,81,79,2017-07-01,2017-04-19,2017-07-19,8
"Instagram Post",2017-07-03,6075285880439,1094,6,,,96,90,2017-06-30,2017-04-19,2017-07-19,8
"Post: ""Teens underestimate how addictive #cigarettes...""",2017-07-02,6075282293839,661,,4,4,66,50,2017-06-30,2017-04-19,2017-07-19,8.28
"Post: ""There is no safe level of exposure to secondhand...""",2017-07-02,6075278370439,772,,7,4,81,54,2017-06-30,2017-04-19,2017-07-19,8.28
"Post: ""#Smoking damages our DNA, which can lead to...""",2017-07-02,6075267595439,605,,11,,74,52,2017-06-30,2017-04-19,2017-07-19,8.28
"Instagram Post",2017-07-02,6075267480439,793,4,,,92,88,2017-06-30,2017-04-19,2017-07-19,8
"Instagram Post",2017-07-02,6075263597439,1164,3,,,87,84,2017-06-30,2017-04-19,2017-07-19,8
"Instagram Post",2017-07-01,6075234388839,846,4,,,53,49,2017-06-29,2017-04-19,2017-07-19,8
"Post: ""Formaldehyde is used to embalm dead bodies. It is...""",2017-07-01,6075230787039,971,1,17,7,96,49,2017-06-29,2017-04-19,2017-07-19,8.28
"Post: ""Every day in the US 700+ youth become daily...""",2017-07-01,6075225936039,1073,3,4,4,97,60,2017-06-29,2017-04-19,2017-07-19,8.28
"Post: ""#Smoking can damage your wallet. Smoking half a...""",2017-07-01,6075216554839,289,,6,1,41,32,2017-06-29,2017-04-19,2017-07-19,8.28
"Instagram Post",2017-07-01,6075216492639,622,3,,,47,44,2017-06-29,2017-04-19,2017-07-19,8
"Instagram Post",2017-07-01,6075214010839,399,5,,,34,29,2017-06-29,2017-04-19,2017-07-19,8
"Instagram Post",2017-06-30,6075186581439,589,3,,,56,53,2017-06-28,2017-04-19,2017-07-19,8
"Post: ""How does #smoking take a decade of life away?...""",2017-06-30,6075181799839,497,2,5,6,68,44,2017-06-28,2017-04-19,2017-07-19,8.28
"Post: ""Forget death, chase life. 480,000 US deaths are...""",2017-06-30,6075177942839,603,,5,1,50,37,2017-06-28,2017-04-19,2017-07-19,8.28
"Post: ""#Smoking can weaken our immune systems, leaving...""",2017-06-30,6075169014439,640,3,10,4,74,46,2017-06-28,2017-04-19,2017-07-19,8.28
"Instagram Post",2017-06-30,6075169008039,482,2,,1,50,47,2017-06-28,2017-04-19,2017-07-19,8
"Instagram Post",2017-06-30,6075166302239,586,5,,,61,56,2017-06-28,2017-04-19,2017-07-19,8
"Instagram Post",2017-06-29,6075135792039,715,5,,1,50,44,2017-06-27,2017-04-19,2017-07-19,8
"Post: ""#Tobacco is a major preventable cause of death....""",2017-06-29,6075128828239,582,,6,5,56,34,2017-06-27,2017-04-19,2017-07-19,8.28
"Post: ""Smokers die about 10 years younger than...""",2017-06-29,6075124407239,798,6,19,7,89,43,2017-06-27,2017-04-19,2017-07-19,8.28
"Post: ""#Smoking can damage our wallets. Smoking half a...""",2017-06-29,6075109486639,837,3,16,2,88,42,2017-06-27,2017-04-19,2017-07-19,8.28
"Instagram Post",2017-06-29,6075109403439,714,4,,1,24,19,2017-06-27,2017-04-19,2017-07-19,8
"Instagram Post",2017-06-29,6075106871439,536,1,,,51,50,2017-06-27,2017-04-19,2017-07-19,8
"Instagram Post",2017-06-28,6075071552839,405,4,,,28,24,2017-06-26,2017-04-19,2017-07-19,8
"Post: ""Protect your loved ones by living #tobaccofree....""",2017-06-28,6075068077239,853,,6,,62,48,2017-06-26,2017-04-19,2017-07-19,8.28
"Post: ""Smoking can cause cancer almost anywhere in the...""",2017-06-28,6075063958439,687,2,14,3,81,48,2017-06-26,2017-04-19,2017-07-19,8.28
"Post: ""Even occasional #smoking can hurt you. If nobody...""",2017-06-28,6075054176839,980,2,17,6,93,40,2017-06-26,2017-04-19,2017-07-19,8.28
"Instagram Post",2017-06-28,6075054124839,286,6,,,65,59,2017-06-26,2017-04-19,2017-07-19,7.99
"Instagram Post",2017-06-28,6075050442039,377,8,,,73,65,2017-06-26,2017-04-19,2017-07-19,8
"Instagram Post",2017-06-27,6075023772039,1215,2,,,41,39,2017-06-25,2017-04-19,2017-07-19,8
"Post: ""#Smoking can weaken our immune systems, leaving...""",2017-06-27,6075021824839,976,2,12,5,119,60,2017-06-25,2017-04-19,2017-07-19,8.28
"Post: ""There is no safe level of exposure to secondhand...""",2017-06-27,6075019149039,686,,8,2,60,43,2017-06-25,2017-04-19,2017-07-19,8.28
"Post: ""You can never buy back time, so keep it...""",2017-06-27,6075015171639,704,,9,,59,41,2017-06-25,2017-04-19,2017-07-19,8.28
"Instagram Post",2017-06-27,6075014421039,795,5,,,73,68,2017-06-25,2017-04-19,2017-07-19,8
"Instagram Post",2017-06-27,6075013725239,1419,3,,,34,31,2017-06-25,2017-04-19,2017-07-19,8
"Instagram Post",2017-06-26,6074995987239,832,4,,,106,102,2017-06-24,2017-04-19,2017-07-19,8
"Post: ""#Smoking damages our DNA, which can lead to...""",2017-06-26,6074994324439,553,,4,4,51,43,2017-06-24,2017-04-19,2017-07-19,8.28
"Post: ""About 30% of cancer deaths in the US are linked...""",2017-06-26,6074991672439,1082,1,11,3,87,53,2017-06-24,2017-04-19,2017-07-19,8.28
"Post: ""#Tobacco is a major preventable cause of death....""",2017-06-26,6074985163839,1041,4,10,6,109,56,2017-06-24,2017-04-19,2017-07-19,8.28
"Instagram Post",2017-06-26,6074985069239,1856,3,,,57,54,2017-06-24,2017-04-19,2017-07-19,8
"Instagram Post",2017-06-26,6074983568639,648,1,,,92,91,2017-06-24,2017-04-19,2017-07-19,8
"Instagram Post",2017-06-25,6074964498839,1656,4,,,53,49,2017-06-23,2017-04-19,2017-07-19,8
"Post: ""Formaldehyde is a cancer-causer in #cigarette...""",2017-06-25,6074961392239,1129,1,18,10,144,42,2017-06-23,2017-04-19,2017-07-19,8.28
"Post: ""#Smoking damages DNA, which can cause cancer...""",2017-06-25,6074958047239,626,1,6,5,85,56,2017-06-23,2017-04-19,2017-07-19,8.28
"Post: ""Using #tobacco products can lead to addiction and...""",2017-06-25,6074950149639,619,2,6,4,54,39,2017-06-23,2017-04-19,2017-07-19,8.28
"Instagram Post",2017-06-25,6074950108439,1123,1,1,,78,76,2017-06-23,2017-04-19,2017-07-19,8
"Instagram Post",2017-06-25,6074947681439,541,3,,,90,87,2017-06-23,2017-04-19,2017-07-19,8
"Instagram Post",2017-06-24,6074917141439,1534,2,,,26,24,2017-06-22,2017-04-19,2017-07-19,8
"Post: ""160,000+ US cancer deaths every year are linked...""",2017-06-24,6074914515239,499,1,12,1,48,30,2017-06-22,2017-04-19,2017-07-19,8.28
"Post: ""480,000 US deaths are caused by a...""",2017-06-24,6074910306639,495,1,3,4,37,24,2017-06-22,2017-04-19,2017-07-19,8.28
"Post: ""#Smoking can damage our wallets. Smoking half a...""",2017-06-24,6074899426839,684,1,7,9,76,34,2017-06-22,2017-04-19,2017-07-19,8.28
"Instagram Post",2017-06-24,6074899330439,2045,1,,,22,21,2017-06-22,2017-04-19,2017-07-19,8
"Instagram Post",2017-06-24,6074896291439,754,2,,,72,70,2017-06-22,2017-04-19,2017-07-19,8
"Instagram Post",2017-06-23,6074865310039,1421,1,1,1,35,32,2017-06-21,2017-04-19,2017-07-19,8
"Post: ""#Tobacco is a major preventable cause of death....""",2017-06-23,6074861182439,625,2,11,3,78,48,2017-06-21,2017-04-19,2017-07-19,8.28
"Post: ""Polonium-210 is a chemical in #cigarette smoke....""",2017-06-23,6074857285439,745,1,4,,49,40,2017-06-21,2017-04-19,2017-07-19,8.28
"Post: ""#Smoking can weaken the immune system, leaving a...""",2017-06-23,6074846634439,1077,2,24,8,134,55,2017-06-21,2017-04-19,2017-07-19,8.28
"Instagram Post",2017-06-23,6074846604639,962,5,,,53,48,2017-06-21,2017-04-19,2017-07-19,8
"Instagram Post",2017-06-23,6074843919439,825,4,,,18,14,2017-06-21,2017-04-19,2017-07-19,8
"Instagram Post",2017-06-22,6074812733039,674,3,,,77,74,2017-06-20,2017-04-19,2017-07-19,8
"Post: ""When someone dies from #tobacco use, we lose them...""",2017-06-22,6074808676639,802,1,13,2,77,38,2017-06-20,2017-04-19,2017-07-19,8.28
"Post: ""In the US, 480,000 deaths are caused by a...""",2017-06-22,6074803477639,748,,9,2,75,49,2017-06-20,2017-04-19,2017-07-19,8.28
"Post: ""#Tobacco use causes 1300 US deaths daily-more...""",2017-06-22,6074794403639,438,5,,,302,297,2017-06-20,2017-04-19,2017-07-19,8.28
"Instagram Post",2017-06-22,6074794277839,1669,4,,1,19,14,2017-06-20,2017-04-19,2017-07-19,8
"Instagram Post",2017-06-22,6074791747639,1215,4,,,83,79,2017-06-20,2017-04-19,2017-07-19,8
"Instagram Post",2017-06-21,6074759673839,643,4,,,79,75,2017-06-19,2017-04-19,2017-07-19,8
"Post: ""There is no safe level of exposure to secondhand...""",2017-06-21,6074755135239,520,,7,5,66,39,2017-06-19,2017-04-19,2017-07-19,8.28
"Post: ""#Smoking can destroy the tiny hairs that help...""",2017-06-21,6074749698839,648,,15,2,84,52,2017-06-19,2017-04-19,2017-07-19,8.28
"Post: ""Even occasional #smoking can hurt you. If nobody...""",2017-06-21,6074741107839,926,1,8,3,82,58,2017-06-19,2017-04-19,2017-07-19,8.28
"Instagram Post",2017-06-21,6074740956039,1666,2,,1,23,20,2017-06-19,2017-04-19,2017-07-19,8
"Instagram Post",2017-06-21,6074738311039,724,,,,74,74,2017-06-19,2017-04-19,2017-07-19,8
"Instagram Post",2017-06-20,6074707875239,1030,5,,,85,80,2017-06-18,2017-04-19,2017-07-19,8
"Post: ""Over 100 million non-smokers in this country are...""",2017-06-20,6074705828639,1157,2,8,11,117,38,2017-06-18,2017-04-19,2017-07-19,8.28
"Post: ""#Smoking can shorten your life by 10 years. If...""",2017-06-20,6074703411439,518,1,4,2,62,42,2017-06-18,2017-04-19,2017-07-19,8.28
"Post: ""How does #smoking take a decade of life away?...""",2017-06-20,6074698838639,1014,3,14,3,85,50,2017-06-18,2017-04-19,2017-07-19,8.28
"Instagram Post",2017-06-20,6074698701039,691,3,,,62,59,2017-06-18,2017-04-19,2017-07-19,8
"Instagram Post",2017-06-20,6074697466439,2930,1,,,27,26,2017-06-18,2017-04-19,2017-07-19,8
"Instagram Post",2017-06-19,6074679955239,1099,5,1,,88,82,2017-06-17,2017-04-19,2017-07-19,8
"Post: ""Nicotine can change the way your brain works,...""",2017-06-19,6074677853439,1101,,4,10,108,41,2017-06-17,2017-04-19,2017-07-19,8.28
"Post: ""Polonium-210 is a chemical in nuclear reactors....""",2017-06-19,6074676475439,488,,3,2,42,19,2017-06-17,2017-04-19,2017-07-19,8.28
"Post: ""#Smoking can damage everyone's wallets. Smoking...""",2017-06-19,6074669483239,870,6,6,1,69,44,2017-06-17,2017-04-19,2017-07-19,8.28
"Instagram Post",2017-06-19,6074669356439,1619,7,,3,20,10,2017-06-17,2017-04-19,2017-07-19,8
"Instagram Post",2017-06-19,6074667912239,865,1,1,,61,59,2017-06-17,2017-04-19,2017-07-19,8
"Instagram Post",2017-06-18,6074647884839,940,5,,,75,70,2017-06-16,2017-04-19,2017-07-19,8
"Post: ""If nobody smoked, about 30% of US cancer deaths...""",2017-06-18,6074644560039,493,1,3,1,52,39,2017-06-16,2017-04-19,2017-07-19,8.28
"Post: ""Some say they smoke to reduce stress. Nope....""",2017-06-18,6074639389439,873,1,9,7,95,56,2017-06-16,2017-04-19,2017-07-19,8.28
"Post: ""Even if we don’t smoke, we could be breathing in...""",2017-06-18,6074630010439,1010,2,6,2,68,38,2017-06-16,2017-04-19,2017-07-19,8.28
"Instagram Post",2017-06-18,6074629953239,489,,,,22,22,2017-06-16,2017-04-19,2017-07-19,8
"Instagram Post",2017-06-18,6074627624439,949,7,,,81,74,2017-06-16,2017-04-19,2017-07-19,8
"Instagram Post",2017-06-17,6074595460639,760,7,,,64,57,2017-06-15,2017-04-19,2017-07-19,8
"Post: ""About 50% of 3-11 year-olds are exposed to...""",2017-06-17,6074591656239,861,,10,6,86,34,2017-06-15,2017-04-19,2017-07-19,8.28
"Post: ""Even if someone doesn't smoke, they could be...""",2017-06-17,6074587393039,844,3,8,7,80,45,2017-06-15,2017-04-19,2017-07-19,8.28
"Post: ""Even occasional #smoking can hurt you. Every...""",2017-06-17,6074575783839,541,1,7,,45,34,2017-06-15,2017-04-19,2017-07-19,8.28
"Instagram Post",2017-06-17,6074575735239,866,5,,,56,51,2017-06-15,2017-04-19,2017-07-19,8
"Instagram Post",2017-06-17,6074573224639,1178,7,,,49,42,2017-06-15,2017-04-19,2017-07-19,8
"Instagram Post",2017-06-16,6074538425439,775,1,1,,61,59,2017-06-14,2017-04-19,2017-07-19,8
"Post: ""When someone dies from #tobacco use, we lose them...""",2017-06-16,6074534872039,497,1,6,1,48,30,2017-06-14,2017-04-19,2017-07-19,8.28
"Post: ""About 30% of US cancer deaths are linked to...""",2017-06-16,6074531359639,337,,1,1,31,26,2017-06-14,2017-04-19,2017-07-19,8.28
"Post: ""How does #smoking take a decade of life away?...""",2017-06-16,6074519639639,947,3,9,8,110,43,2017-06-14,2017-04-19,2017-07-19,8.28
"Instagram Post",2017-06-16,6074519571039,2324,,,1,14,13,2017-06-14,2017-04-19,2017-07-19,8
"Instagram Post",2017-06-16,6074514798839,668,5,,,60,55,2017-06-14,2017-04-19,2017-07-19,8
"Post: ""About 40% of non-smokers in this country are...""",2017-06-15,6074485201039,928,,4,6,61,37,2017-06-13,2017-04-19,2017-07-19,8.28
"Instagram Post",2017-06-15,6074483107239,2174,2,,,30,28,2017-06-13,2017-04-19,2017-07-19,8
"Post: ""About 40% of US non-smokers are exposed to toxic...""",2017-06-15,6074480387639,497,,2,2,64,49,2017-06-13,2017-04-19,2017-07-19,8.28
"Post: ""Nicotine is highly addictive. Every day in the US...""",2017-06-15,6074465423439,836,2,7,3,53,33,2017-06-13,2017-04-19,2017-07-19,8.28
"Instagram Post",2017-06-15,6074464884039,847,5,,,73,68,2017-06-13,2017-04-19,2017-07-19,8
"Instagram Post",2017-06-15,6074461213639,788,2,,,82,80,2017-06-13,2017-04-19,2017-07-19,8
"Instagram Post",2017-06-14,6074426101039,400,8,,,64,56,2017-06-12,2017-04-19,2017-07-19,8
"Post: ""About 20% of all US deaths are caused by a...""",2017-06-14,6074422833439,511,1,5,,37,27,2017-06-12,2017-04-19,2017-07-19,8.28
"Post: ""#Smoking damages your DNA, which can cause cancer...""",2017-06-14,6074419090839,796,2,12,2,79,53,2017-06-12,2017-04-19,2017-07-19,8.28
"Post: ""Teens underestimate how addictive #cigarettes...""",2017-06-14,6074406359439,684,1,7,9,65,40,2017-06-12,2017-04-19,2017-07-19,8.28
"Instagram Post",2017-06-14,6074406330439,1234,5,1,,82,76,2017-06-12,2017-04-19,2017-07-19,8
"Instagram Post",2017-06-14,6074403550439,373,5,,,51,46,2017-06-12,2017-04-19,2017-07-19,8
"Instagram Post",2017-06-13,6074368383639,251,4,,,49,45,2017-06-11,2017-04-19,2017-07-19,8
"Post: ""Using #tobacco products can lead to addiction and...""",2017-06-13,6074366054439,678,2,7,4,60,37,2017-06-11,2017-04-19,2017-07-19,8.28
"Post: ""Smoking can cause cancer almost anywhere in the...""",2017-06-13,6074364760639,1042,,10,6,101,56,2017-06-11,2017-04-19,2017-07-19,8.28
"Post: ""Look out for the lil ones by keeping it...""",2017-06-13,6074357028839,521,,7,1,48,36,2017-06-11,2017-04-19,2017-07-19,8.28
"Instagram Post",2017-06-13,6074357016839,299,4,,,66,62,2017-06-11,2017-04-19,2017-07-19,8
"Instagram Post",2017-06-13,6074355697439,344,5,,,53,48,2017-06-11,2017-04-19,2017-07-19,8
"Instagram Post",2017-06-12,6074333604639,1170,8,,1,91,82,2017-06-10,2017-04-19,2017-07-19,8
"Post: ""There is no safe level of exposure to secondhand...""",2017-06-12,6074331427839,626,3,,,368,365,2017-06-10,2017-04-19,2017-07-19,8.28
"Post: ""If nobody smoked, about 30% of cancer deaths in...""",2017-06-12,6074329401839,554,4,7,6,64,40,2017-06-10,2017-04-19,2017-07-19,8.28
"Post: ""Nicotine can change the way a person's brain...""",2017-06-12,6074323879039,991,2,8,4,69,47,2017-06-10,2017-04-19,2017-07-19,8.28
"Instagram Post",2017-06-12,6074323864639,383,6,,,67,61,2017-06-10,2017-04-19,2017-07-19,8
"Instagram Post",2017-06-12,6074322209039,311,2,,,66,64,2017-06-10,2017-04-19,2017-07-19,8
"Instagram Post",2017-06-11,6074300601839,1865,2,1,1,40,36,2017-06-09,2017-04-19,2017-07-19,8
"Post: ""#Smoking damages our DNA, which can cause cancer...""",2017-06-12,6074296999239,1359,8,23,6,138,50,2017-06-09,2017-04-19,2017-07-19,8.28
"Post: ""Protect your loved ones by living #tobaccofree....""",2017-06-12,6074292776439,748,1,9,,53,34,2017-06-09,2017-04-19,2017-07-19,8.28
"Post: ""There is no safe level of exposure to secondhand...""",2017-06-11,6074283379639,353,,3,1,24,17,2017-06-09,2017-04-19,2017-07-19,8.28
"Instagram Post",2017-06-11,6074283270439,1098,7,,,103,96,2017-06-09,2017-04-19,2017-07-19,8
"Instagram Post",2017-06-11,6074278827439,285,3,,,58,55,2017-06-09,2017-04-19,2017-07-19,8
"Instagram Post",2017-06-10,6074244028839,756,5,,,105,100,2017-06-08,2017-04-19,2017-07-19,8
"Post: ""#Smoking can cause long-term damage. Over 16...""",2017-06-10,6074239313439,881,1,12,7,98,48,2017-06-08,2017-04-19,2017-07-19,8.28
"Post: ""Every day in the US 700+ youth become daily...""",2017-06-10,6074235060439,970,,8,9,85,54,2017-06-08,2017-04-19,2017-07-19,8.28
"Post: ""Secondhand smoke causes 40000+ US deaths per...""",2017-06-10,6074223457639,573,,8,3,63,36,2017-06-08,2017-04-19,2017-07-19,8.28
"Instagram Post",2017-06-10,6074223405039,319,5,,,48,43,2017-06-08,2017-04-19,2017-07-19,8
"Instagram Post",2017-06-10,6074220368639,243,5,,,83,78,2017-06-08,2017-04-19,2017-07-19,7.94
"Instagram Post",2017-06-09,6074183094039,909,6,,,83,77,2017-06-07,2017-04-19,2017-07-19,7.97
"Post: ""#Smoking can weaken your immune system, leaving...""",2017-06-09,6074178746239,765,3,13,4,69,39,2017-06-07,2017-04-19,2017-07-19,8.27
"Post: ""Nicotine can change the way our brains work,...""",2017-06-09,6074174098839,814,2,9,8,76,36,2017-06-07,2017-04-19,2017-07-19,8.16
"Post: ""You can never buy back time, so keep it...""",2017-06-09,6074163779239,912,2,12,5,99,52,2017-06-07,2017-04-19,2017-07-19,8.26
"Instagram Post",2017-06-09,6074163740639,1582,3,,,55,52,2017-06-07,2017-04-19,2017-07-19,8
"Instagram Post",2017-06-09,6074158780239,518,1,,,16,15,2017-06-07,2017-04-19,2017-07-19,7.96
"Instagram Post",2017-06-08,6074127475639,1428,5,,,84,79,2017-06-06,2017-04-19,2017-07-19,7.97
"Post: ""If nobody smoked, about 160,000 US cancer deaths...""",2017-06-08,6074123249239,1096,2,16,10,123,58,2017-06-06,2017-04-19,2017-07-19,8.28
"Post: ""#Smoking can destroy the tiny hairs that help...""",2017-06-08,6074117670839,1275,5,19,2,127,67,2017-06-06,2017-04-19,2017-07-19,8.28
"Post: ""3 out of 4 teen smokers become adult smokers....""",2017-06-08,6074106757639,1452,2,10,8,97,50,2017-06-06,2017-04-19,2017-07-19,8.28
"Instagram Post",2017-06-08,6074106539039,303,9,,,81,72,2017-06-06,2017-04-19,2017-07-19,8
"Instagram Post",2017-06-08,6074103909239,450,7,,,66,59,2017-06-06,2017-04-19,2017-07-19,8
"Instagram Post",2017-06-07,6074071375039,2215,5,,1,93,87,2017-06-05,2017-04-19,2017-07-19,8
"Post: ""#Smoking damages DNA, which can lead to cancer...""",2017-06-07,6074067472639,1124,3,12,4,96,54,2017-06-05,2017-04-19,2017-07-19,8.28
"Post: ""If nobody used tobacco, ~40% of US cancer deaths...""",2017-06-07,6074063386839,1464,,8,28,215,24,2017-06-05,2017-04-19,2017-07-19,8.28
"Instagram Post",2017-06-07,6074054197239,780,4,,6,40,30,2017-06-05,2017-04-19,2017-07-19,8
"Post: ""Don’t let #cigs cut your life short. Smoking...""",2017-06-07,6074054162039,1002,3,6,5,84,47,2017-06-05,2017-04-19,2017-07-19,8.28
"Instagram Post",2017-06-07,6074052008039,255,7,,,84,77,2017-06-05,2017-04-19,2017-07-19,8
"Instagram Post",2017-06-06,6074026566639,641,13,,,83,70,2017-06-04,2017-04-19,2017-07-19,8
"Post: ""Hydrogen cyanide is found in #cigarette smoke....""",2017-06-06,6074024496639,458,5,,1,387,381,2017-06-04,2017-04-19,2017-07-19,8.28
"Post: ""Formaldehyde is used to embalm dead bodies. It is...""",2017-06-06,6074022238839,1121,1,14,5,101,45,2017-06-04,2017-04-19,2017-07-19,8.28
"Post: ""#Tobacco use causes ~20% of all US deaths-more...""",2017-06-06,6074017287639,1026,3,12,6,98,53,2017-06-04,2017-04-19,2017-07-19,8.28
"Instagram Post",2017-06-06,6074017188639,396,7,,,92,85,2017-06-04,2017-04-19,2017-07-19,8
"Instagram Post",2017-06-06,6074015880639,367,5,,,105,100,2017-06-04,2017-04-19,2017-07-19,8
"Instagram Post",2017-06-05,6073997058839,4268,2,,,32,30,2017-06-03,2017-04-19,2017-07-19,8
"Post: ""Over 15 million 3-11 year-olds are exposed to...""",2017-06-05,6073994945639,988,1,,,441,440,2017-06-03,2017-04-19,2017-07-19,8.28
"Post: ""Protect your loved ones by living #tobaccofree....""",2017-06-05,6073992625439,459,,,,10,8,2017-06-03,2017-04-19,2017-07-19,8.27
"Post: ""Smokers die about 10 years younger than...""",2017-06-05,6073987140239,1368,1,10,7,121,64,2017-06-03,2017-04-19,2017-07-19,8.28
"Instagram Post",2017-06-05,6073987065839,632,,,,56,56,2017-06-03,2017-04-19,2017-07-19,8
"Instagram Post",2017-06-05,6073985748039,1002,3,,1,105,101,2017-06-03,2017-04-19,2017-07-19,8
"Instagram Post",2017-06-04,6073962323439,1046,5,,,101,96,2017-06-02,2017-04-19,2017-07-19,8
"Post: ""If you smoke, you may be cuttin’ your time with...""",2017-06-04,6073959243639,687,,8,4,62,41,2017-06-02,2017-04-19,2017-07-19,8.28
"Post: ""Some say they smoke to reduce stress. Nope....""",2017-06-04,6073955693439,908,4,10,14,114,44,2017-06-02,2017-04-19,2017-07-19,8.28
"Instagram Post",2017-06-04,6073947632439,771,2,,1,28,25,2017-06-02,2017-04-19,2017-07-19,8
"Post: ""Smoking can cause cancer almost anywhere in the...""",2017-06-04,6073947512039,863,,13,6,90,52,2017-06-02,2017-04-19,2017-07-19,8.28
"Instagram Post",2017-06-04,6073945234639,537,15,,,103,88,2017-06-02,2017-04-19,2017-07-19,8
"Instagram Post",2017-06-03,6073915150639,1396,8,,2,108,98,2017-06-01,2017-04-19,2017-07-19,8
"Post: ""Even occasional #smoking can hurt you. Every...""",2017-06-03,6073910533439,301,,,,13,11,2017-06-01,2017-04-19,2017-07-19,8.28
"Post: ""Forget death, chase life. About 20% of all US...""",2017-06-03,6073905357239,475,,4,1,42,27,2017-06-01,2017-04-19,2017-07-19,8.28
"Instagram Post",2017-06-03,6073893543439,2681,4,,,44,40,2017-06-01,2017-04-19,2017-07-19,8
"Post: ""Using #tobacco products can lead to addiction and...""",2017-06-03,6073893337639,304,,2,,16,13,2017-06-01,2017-04-19,2017-07-19,8.27
"Instagram Post",2017-06-03,6073889811839,826,8,,,92,84,2017-06-01,2017-04-19,2017-07-19,8
"Instagram Post",2017-06-02,6073855404039,1091,4,,,72,68,2017-05-31,2017-04-19,2017-07-19,8
"Post: ""#Smoking can do serious damage to your wallet....""",2017-06-02,6073852169239,1094,2,14,9,112,43,2017-05-31,2017-04-19,2017-07-19,8.28
"Post: ""Secondhand smoke causes 40000+ US deaths per...""",2017-06-02,6073847028839,658,1,5,3,34,23,2017-05-31,2017-04-19,2017-07-19,8.28
"Post: ""#Smoking can destroy the tiny hairs that help...""",2017-06-02,6073838958639,540,,6,4,34,20,2017-05-31,2017-04-19,2017-07-19,8.28
"Instagram Post",2017-06-02,6073838866639,1242,11,,,104,93,2017-05-31,2017-04-19,2017-07-19,8
"Instagram Post",2017-06-02,6073836289639,1421,5,,,77,72,2017-05-31,2017-04-19,2017-07-19,8
"Instagram Post",2017-06-01,6073805323239,1720,7,,,92,85,2017-05-30,2017-04-19,2017-07-19,8
"Post: ""Secondhand smoke causes 40,000+ US deaths per...""",2017-06-01,6073801714839,1305,3,22,8,135,35,2017-05-30,2017-04-19,2017-07-19,8.28
"Post: ""Even if you don’t smoke, you could be breathing...""",2017-06-01,6073797579839,783,1,7,4,58,33,2017-05-30,2017-04-19,2017-07-19,8.28
"Post: ""#Smoking can damage your wallet. Smoking half a...""",2017-06-01,6073789303639,1068,1,9,5,81,50,2017-05-30,2017-04-19,2017-07-19,8.28
"Instagram Post",2017-06-01,6073789272439,1344,5,,,71,66,2017-05-30,2017-04-19,2017-07-19,8
"Instagram Post",2017-06-01,6073785792039,2225,3,,,14,11,2017-05-30,2017-04-19,2017-07-19,8
"Instagram Post",2017-05-31,6073753101239,812,9,,1,134,124,2017-05-29,2017-04-19,2017-07-19,8
"Post: ""100 million+ US non-smokers are exposed to toxic...""",2017-05-31,6073750720839,1190,3,13,7,90,46,2017-05-29,2017-04-19,2017-07-19,8.28
"Post: ""Even occasional #smoking can hurt you. If nobody...""",2017-05-31,6073748023239,1178,4,11,11,84,43,2017-05-29,2017-04-19,2017-07-19,8.28
"Post: ""If nobody smoked, about 160,000 cancer deaths in...""",2017-05-31,6073740814039,1048,1,8,2,79,58,2017-05-29,2017-04-19,2017-07-19,8.28
"Instagram Post",2017-05-31,6073740719839,440,9,,,117,108,2017-05-29,2017-04-19,2017-07-19,8
"Instagram Post",2017-05-31,6073738530839,657,9,,,137,128,2017-05-29,2017-04-19,2017-07-19,8
"Instagram Post",2017-05-30,6073712635039,2900,3,1,1,61,56,2017-05-28,2017-04-19,2017-07-19,8
"Post: ""Hydrogen cyanide is found in rat poison. It’s...""",2017-05-30,6073710825239,1863,2,28,16,168,58,2017-05-28,2017-04-19,2017-07-19,8.28
"Post: ""If you smoke, you may be cuttin’ your time with...""",2017-05-30,6073709156439,1009,1,9,2,71,46,2017-05-28,2017-04-19,2017-07-19,8.28
"Post: ""#Smoking half a pack per day costs about...""",2017-05-30,6073703622839,1765,11,26,7,129,46,2017-05-28,2017-04-19,2017-07-19,8.28
"Instagram Post",2017-05-30,6073703615439,763,7,,,108,101,2017-05-28,2017-04-19,2017-07-19,8
"Instagram Post",2017-05-30,6073702416039,2596,4,,,47,43,2017-05-28,2017-04-19,2017-07-19,8
"Instagram Post",2017-05-29,6073684381439,372,14,,,92,78,2017-05-27,2017-04-19,2017-07-19,8
"Post: ""#Smoking damages your DNA, which can lead to...""",2017-05-29,6073682414639,798,4,12,4,73,47,2017-05-27,2017-04-19,2017-07-19,8.28
"Post: ""On average, every cig reduces your life by 11...""",2017-05-29,6073680050439,1841,5,16,11,148,62,2017-05-27,2017-04-19,2017-07-19,8.28
"Post: ""Smokers die about 12% earlier than non-smokers....""",2017-05-29,6073674714639,1046,6,13,9,86,35,2017-05-27,2017-04-19,2017-07-19,8.28
"Instagram Post",2017-05-29,6073674659839,1077,4,,2,20,14,2017-05-27,2017-04-19,2017-07-19,8
"Instagram Post",2017-05-29,6073673073239,829,2,,,84,82,2017-05-27,2017-04-19,2017-07-19,8
"Instagram Post",2017-05-27,6073651724039,369,16,,,82,66,2017-05-26,2017-04-19,2017-07-19,7.99
"Post: ""Smoking #cigarettes can claim more than 10 years...""",2017-05-28,6073648860239,337,,,,14,10,2017-05-26,2017-04-19,2017-07-19,8.28
"Post: ""Look out for the lil ones by keeping it...""",2017-05-28,6073644811839,499,,1,,27,25,2017-05-26,2017-04-19,2017-07-19,8.28
"Post: ""Even occasional #smoking can hurt you. On...""",2017-05-28,6073636309439,415,,4,3,33,21,2017-05-26,2017-04-19,2017-07-19,8.28
"Instagram Post",2017-05-28,6073636244839,2098,,,,23,23,2017-05-26,2017-04-19,2017-07-19,8
"Instagram Post",2017-05-28,6073633548439,710,2,,1,74,71,2017-05-26,2017-04-19,2017-07-19,8
"Instagram Post",2017-05-27,6073603713639,496,7,,,103,96,2017-05-25,2017-04-19,2017-07-19,8
"Post: ""Over 16 million Americans have a disease caused...""",2017-05-27,6073601297639,660,,9,1,60,39,2017-05-25,2017-04-19,2017-07-19,8.28
"Post: ""#Smoking can shorten your life by over 12%. If...""",2017-05-27,6073597074039,659,1,4,2,47,35,2017-05-25,2017-04-19,2017-07-19,8.28
"Post: ""Over 15 million 3-11 year-olds are exposed to...""",2017-05-27,6073585787039,321,,1,3,35,28,2017-05-25,2017-04-19,2017-07-19,8.28
"Instagram Post",2017-05-27,6073585769839,2521,1,,,62,61,2017-05-25,2017-04-19,2017-07-19,8
"Instagram Post",2017-05-27,6073582952639,2685,2,,1,11,8,2017-05-25,2017-04-19,2017-07-19,8
"Post: ""Over 160,000 cancer deaths in the US every year...""",2017-05-26,6073544698239,764,,9,4,57,38,2017-05-24,2017-04-19,2017-07-19,8.28
"Post: ""Forget death, chase life. 480,000 US deaths are...""",2017-05-26,6073541022439,555,,3,1,23,19,2017-05-24,2017-04-19,2017-07-19,8.28
"Post: ""About 50% of 3-11 year-olds are exposed to...""",2017-05-26,6073531021839,408,1,,,13,10,2017-05-24,2017-04-19,2017-07-19,8.28
"Instagram Post",2017-05-26,6073528374239,1283,2,,,15,13,2017-05-24,2017-04-19,2017-07-19,8
"Instagram Post",2017-05-25,6073495700039,2197,3,,,47,44,2017-05-23,2017-04-19,2017-07-19,8
"Post: ""Some say they smoke to reduce stress. Nope....""",2017-05-25,6073492636039,442,1,1,2,32,22,2017-05-23,2017-04-19,2017-07-19,8.28
"Post: ""If nobody used tobacco, ~230,000 US cancer deaths...""",2017-05-25,6073487937039,747,,12,7,81,42,2017-05-23,2017-04-19,2017-07-19,8.28
"Instagram Post",2017-05-25,6073477648039,677,5,,1,83,77,2017-05-23,2017-04-19,2017-07-19,8
"Post: ""In the US, about 20% of all deaths are caused by...""",2017-05-25,6073477380839,563,2,2,1,32,23,2017-05-23,2017-04-19,2017-07-19,8.28
"Instagram Post",2017-05-25,6073474939839,2769,1,,,26,25,2017-05-23,2017-04-19,2017-07-19,8
"Instagram Post",2017-05-24,6073444204239,2723,2,,,30,28,2017-05-22,2017-04-19,2017-07-19,8
"Post: ""#Smoking can destroy the tiny hairs that help...""",2017-05-24,6073441229839,371,,4,1,30,23,2017-05-22,2017-04-19,2017-07-19,8.28
"Post: ""There is no safe level of exposure to secondhand...""",2017-05-24,6073437653039,1070,3,8,3,60,37,2017-05-22,2017-04-19,2017-07-19,8.28
"Post: ""Nicotine can change the way your brain works,...""",2017-05-24,6073428179439,2188,3,15,7,123,50,2017-05-22,2017-04-19,2017-07-19,8.28
"Instagram Post",2017-05-24,6073428094039,761,7,,,144,137,2017-05-22,2017-04-19,2017-07-19,8
"Instagram Post",2017-05-24,6073425884839,1833,8,,,31,23,2017-05-22,2017-04-19,2017-07-19,8
"Instagram Post",2017-05-23,6073394796039,2987,3,,,61,58,2017-05-21,2017-04-19,2017-07-19,8
"Post: ""Some say they smoke to reduce stress. Nope....""",2017-05-23,6073392616639,614,,5,7,92,32,2017-05-21,2017-04-19,2017-07-19,8.28
"Post: ""#Smoking damages DNA, which can lead to cancer...""",2017-05-23,6073390702439,782,2,,1,9,3,2017-05-21,2017-04-19,2017-07-19,8.28
"Post: ""#Smoking can cause long-term damage. Over 16...""",2017-05-23,6073385372639,514,1,7,,43,33,2017-05-21,2017-04-19,2017-07-19,8.28
"Instagram Post",2017-05-23,6073385306039,426,13,,,93,80,2017-05-21,2017-04-19,2017-07-19,8
"Instagram Post",2017-05-23,6073383986639,787,2,,,128,126,2017-05-21,2017-04-19,2017-07-19,8
"Instagram Post",2017-05-22,6073366711639,3577,2,,,15,13,2017-05-20,2017-04-19,2017-07-19,8
"Post: ""You can never buy back time, so keep it...""",2017-05-22,6073364544639,406,1,2,,26,20,2017-05-20,2017-04-19,2017-07-19,8.28
"Post: ""When someone dies from #tobacco use, we lose them...""",2017-05-22,6073362120639,1795,3,7,5,137,51,2017-05-20,2017-04-19,2017-07-19,8.28
"Post: ""#Tobacco is a major preventable cause of death....""",2017-05-22,6073357155839,621,,4,3,33,23,2017-05-20,2017-04-19,2017-07-19,8.28
"Instagram Post",2017-05-22,6073357117639,3182,6,,,72,66,2017-05-20,2017-04-19,2017-07-19,8
"Instagram Post",2017-05-22,6073355342639,304,3,,,92,89,2017-05-20,2017-04-19,2017-07-19,5
"Instagram Post",2017-05-22,6073336229039,2358,2,,,35,33,2017-05-19,2017-04-19,2017-07-19,8
"Post: ""Using #tobacco products can lead to addiction and...""",2017-05-21,6073333458639,559,,2,2,13,6,2017-05-19,2017-04-19,2017-07-19,8.28
"Post: ""Smokers die about 10 years younger than...""",2017-05-21,6073329994839,488,1,1,2,33,26,2017-05-19,2017-04-19,2017-07-19,8.28
"Post: ""Even if you don’t smoke, you could be breathing...""",2017-05-21,6073319726839,601,1,2,,8,1,2017-05-19,2017-04-19,2017-07-19,8.28
"Instagram Post",2017-05-21,6073319563839,692,7,,,89,82,2017-05-19,2017-04-19,2017-07-19,8
"Instagram Post",2017-05-21,6073317154439,845,5,,,74,69,2017-05-19,2017-04-19,2017-07-19,8
"Instagram Post",2017-05-20,6073283189839,2382,3,,,19,16,2017-05-18,2017-04-19,2017-07-19,8
"Post: ""#Tobacco is a major preventable cause of death....""",2017-05-20,6073280171839,771,,6,4,53,33,2017-05-18,2017-04-19,2017-07-19,8.28
"Post: ""Even occasional #smoking can hurt you. If nobody...""",2017-05-20,6073275762639,1020,3,7,2,55,31,2017-05-18,2017-04-19,2017-07-19,8.28
"Post: ""Look out for the lil ones by keeping it...""",2017-05-20,6073263757039,1044,2,3,1,78,29,2017-05-18,2017-04-19,2017-07-19,8.28
"Instagram Post",2017-05-20,6073263626639,868,3,,,73,70,2017-05-18,2017-04-19,2017-07-19,8
"Instagram Post",2017-05-20,6073260258839,1558,3,,1,13,9,2017-05-18,2017-04-19,2017-07-19,8
"Instagram Post",2017-05-19,6073228902639,1820,4,1,,30,25,2017-05-17,2017-04-19,2017-07-19,8
"Post: ""#Smoking can damage everyone's wallets. Smoking...""",2017-05-19,6073225890039,467,,3,1,27,19,2017-05-17,2017-04-19,2017-07-19,8.28
"Post: ""Polonium-210 is a chemical in nuclear reactors....""",2017-05-19,6073221682639,443,,3,1,20,11,2017-05-17,2017-04-19,2017-07-19,8.28
"Post: ""About 40% of non-smokers in this country are...""",2017-05-19,6073211859639,493,,1,,28,23,2017-05-17,2017-04-19,2017-07-19,8.28
"Instagram Post",2017-05-19,6073211715439,834,4,,,74,70,2017-05-17,2017-04-19,2017-07-19,8
"Instagram Post",2017-05-19,6073208382639,620,4,,,99,95,2017-05-17,2017-04-19,2017-07-19,8
"Instagram Post",2017-05-18,6073175418039,1816,3,,1,48,44,2017-05-16,2017-04-19,2017-07-19,8
"Post: ""Secondhand smoke causes 40000+ US deaths per...""",2017-05-18,6073171600239,847,,5,3,40,21,2017-05-16,2017-04-19,2017-07-19,8.28
"Post: ""Hydrogen cyanide is found in #cigarette smoke....""",2017-05-18,6073167389639,930,1,4,11,66,26,2017-05-16,2017-04-19,2017-07-19,8.28
"Post: ""There is no safe level of exposure to secondhand...""",2017-05-18,6073157300239,1018,,7,6,55,19,2017-05-16,2017-04-19,2017-07-19,8.28
"Instagram Post",2017-05-18,6073157188439,617,7,,,81,74,2017-05-16,2017-04-19,2017-07-19,8
"Instagram Post",2017-05-18,6073154803039,698,3,,,71,68,2017-05-16,2017-04-19,2017-07-19,8
"Instagram Post",2017-05-17,6073120435239,1978,1,,2,56,53,2017-05-15,2017-04-19,2017-07-19,8
"Post: ""#Smoking can weaken our immune systems, leaving...""",2017-05-17,6073117663639,554,2,,,15,11,2017-05-15,2017-04-19,2017-07-19,8.28
"Post: ""About 20% of all US deaths are caused by a...""",2017-05-17,6073113143639,491,1,2,,36,29,2017-05-15,2017-04-19,2017-07-19,8.28
"Post: ""Nicotine can change the way our brains work,...""",2017-05-17,6073102915639,753,1,4,2,49,30,2017-05-15,2017-04-19,2017-07-19,8.28
"Instagram Post",2017-05-17,6073102821439,307,9,,,87,78,2017-05-15,2017-04-19,2017-07-19,8
"Instagram Post",2017-05-17,6073100755439,721,4,,,81,77,2017-05-15,2017-04-19,2017-07-19,8
"Instagram Post",2017-05-16,6073071473239,367,16,,,98,82,2017-05-14,2017-04-19,2017-07-19,8
"Post: ""Don’t let #cigs cut your life short. Smoking...""",2017-05-16,6073069657039,900,1,5,2,51,25,2017-05-14,2017-04-19,2017-07-19,8.28
"Post: ""Smoking can cause cancer almost anywhere in the...""",2017-05-16,6073067486839,755,,3,4,41,23,2017-05-14,2017-04-19,2017-07-19,8.28
"Post: ""#Smoking can weaken the immune system, leaving a...""",2017-05-16,6073062071639,1061,,4,4,51,23,2017-05-14,2017-04-19,2017-07-19,8.28
"Instagram Post",2017-05-16,6073062044439,2750,2,1,,15,12,2017-05-14,2017-04-19,2017-07-19,8
"Instagram Post",2017-05-16,6073060528039,1009,7,,1,72,64,2017-05-14,2017-04-19,2017-07-19,8
"Instagram Post",2017-05-15,6073040713439,2714,3,,,44,41,2017-05-13,2017-04-19,2017-07-19,8
"Post: ""Forget death, chase life. 480,000 US deaths are...""",2017-05-15,6073038668439,764,,3,,48,38,2017-05-13,2017-04-19,2017-07-19,8.28
"Post: ""How does #smoking take a decade of life away?...""",2017-05-15,6073036553039,474,,,,9,2,2017-05-13,2017-04-19,2017-07-19,8.28
"Instagram Post",2017-05-15,6073030303839,3367,4,,,46,42,2017-05-13,2017-04-19,2017-07-19,8
"Post: ""Protect your loved ones by living #tobaccofree....""",2017-05-15,6073030265439,441,1,2,1,30,25,2017-05-13,2017-04-19,2017-07-19,8.28
"Instagram Post",2017-05-15,6073028797639,802,7,,,124,117,2017-05-13,2017-04-19,2017-07-19,8
"Post: ""Some say they smoke to reduce stress. Nope....""",2017-05-14,6073004308039,766,3,6,4,52,22,2017-05-12,2017-04-19,2017-07-19,8.28
"Post: ""If nobody used tobacco, ~230,000 US cancer deaths...""",2017-05-14,6072999836439,1072,2,5,5,67,36,2017-05-12,2017-04-19,2017-07-19,8.28
"Post: ""About 50% of 3-11 year-olds are exposed to...""",2017-05-14,6072990046639,752,1,2,4,53,35,2017-05-12,2017-04-19,2017-07-19,8.28
"Instagram Post",2017-05-14,6072989930839,2127,3,,2,25,20,2017-05-12,2017-04-19,2017-07-19,8
"Instagram Post",2017-05-14,6072987834439,667,4,,,108,104,2017-05-12,2017-04-19,2017-07-19,8
"Instagram Post",2017-05-13,6072955513239,2785,2,,1,40,37,2017-05-11,2017-04-19,2017-07-19,8
"Post: ""If nobody smoked, about 30% of US cancer deaths...""",2017-05-13,6072952839639,843,3,3,7,47,21,2017-05-11,2017-04-19,2017-07-19,8.28
"Post: ""There is no safe level of exposure to secondhand...""",2017-05-13,6072948440639,559,1,2,2,35,27,2017-05-11,2017-04-19,2017-07-19,8.28
"Post: ""Even if we don’t smoke, we could be breathing in...""",2017-05-13,6072939377039,489,2,2,2,38,20,2017-05-11,2017-04-19,2017-07-19,8.28
"Instagram Post",2017-05-13,6072939288239,511,5,,,90,85,2017-05-11,2017-04-19,2017-07-19,8
"Instagram Post",2017-05-13,6072936614639,511,5,,,63,58,2017-05-11,2017-04-19,2017-07-19,8
"Instagram Post",2017-05-12,6072901842639,2900,2,,,17,15,2017-05-10,2017-04-19,2017-07-19,8
"Post: ""#Smoking damages DNA, which can cause cancer...""",2017-05-12,6072898524839,773,2,4,2,50,22,2017-05-10,2017-04-19,2017-07-19,8.28
"Post: ""#Smoking damages our DNA, which can lead to...""",2017-05-12,6072893940039,499,2,2,,19,12,2017-05-10,2017-04-19,2017-07-19,8.28
"Post: ""When someone dies from #tobacco use, we lose them...""",2017-05-12,6072884204839,614,1,2,,10,5,2017-05-10,2017-04-19,2017-07-19,8.28
"Instagram Post",2017-05-12,6072883885839,347,14,,,75,61,2017-05-10,2017-04-19,2017-07-19,8
"Instagram Post",2017-05-12,6072880545039,866,5,,,65,60,2017-05-10,2017-04-19,2017-07-19,8
"Instagram Post",2017-05-11,6072850299639,2095,2,,,41,39,2017-05-09,2017-04-19,2017-07-19,8
"Post: ""There is no safe level of exposure to secondhand...""",2017-05-11,6072846037839,459,1,1,,13,8,2017-05-09,2017-04-19,2017-07-19,8.28
"Post: ""Look out for the lil ones by keeping it...""",2017-05-11,6072841444239,579,1,4,3,28,14,2017-05-09,2017-04-19,2017-07-19,8.28
"Post: ""#Smoking can destroy the tiny hairs that help...""",2017-05-11,6072832503639,544,,,1,26,16,2017-05-09,2017-04-19,2017-07-19,8.28
"Instagram Post",2017-05-11,6072832391839,1539,2,1,,43,40,2017-05-09,2017-04-19,2017-07-19,8
"Instagram Post",2017-05-11,6072829587039,664,3,,,118,115,2017-05-09,2017-04-19,2017-07-19,8
"Instagram Post",2017-05-10,6072797201239,2312,,,,39,39,2017-05-08,2017-04-19,2017-07-19,8
"Post: ""About 30% of US cancer deaths are linked to...""",2017-05-10,6072792493839,860,,8,,49,34,2017-05-08,2017-04-19,2017-07-19,8.28
"Post: ""If nobody smoked, about 160,000 cancer deaths in...""",2017-05-10,6072788391439,1302,4,9,4,75,47,2017-05-08,2017-04-19,2017-07-19,8.28
"Instagram Post",2017-05-10,6072780323039,747,5,,,62,57,2017-05-08,2017-04-19,2017-07-19,8
"Post: ""Teens underestimate how addictive #cigarettes...""",2017-05-10,6072779167439,1026,,4,4,51,35,2017-05-08,2017-04-19,2017-07-19,8.28
"Instagram Post",2017-05-10,6072776591439,573,7,,,94,87,2017-05-08,2017-04-19,2017-07-19,8
"Instagram Post",2017-05-09,6072746123239,894,5,,,92,87,2017-05-07,2017-04-19,2017-07-19,8
"Post: ""Formaldehyde is a cancer-causer in #cigarette...""",2017-05-09,6072744102639,473,3,,,333,330,2017-05-07,2017-04-19,2017-07-19,8.28
"Post: ""If nobody smoked, about 30% of cancer deaths in...""",2017-05-09,6072741553039,1936,,3,19,227,47,2017-05-07,2017-04-19,2017-07-19,8.28
"Post: ""Over 160,000 cancer deaths in the US every year...""",2017-05-09,6072736492439,581,,4,,31,23,2017-05-07,2017-04-19,2017-07-19,8.28
"Instagram Post",2017-05-09,6072735500439,2510,6,3,5,27,13,2017-05-07,2017-04-19,2017-07-19,8
"Instagram Post",2017-05-09,6072733915839,823,8,,,113,105,2017-05-07,2017-04-19,2017-07-19,8
"Instagram Post",2017-05-08,6072714064039,1513,7,,,85,78,2017-05-06,2017-04-19,2017-07-19,8
"Post: ""Over 100 million non-smokers in this country are...""",2017-05-08,6072711374639,948,,5,3,49,28,2017-05-06,2017-04-19,2017-07-19,8.28
"Post: ""Nicotine can change the way a person's brain...""",2017-05-08,6072708037639,608,4,4,2,44,29,2017-05-06,2017-04-19,2017-07-19,8.28
"Post: ""160,000+ US cancer deaths every year are linked...""",2017-05-08,6072701168639,597,4,,,367,363,2017-05-06,2017-04-19,2017-07-19,8.28
"Instagram Post",2017-05-08,6072701153639,684,4,,,113,109,2017-05-06,2017-04-19,2017-07-19,8
"Instagram Post",2017-05-08,6072699472839,816,7,,,102,95,2017-05-06,2017-04-19,2017-07-19,8
"Instagram Post",2017-05-07,6072676015439,3047,2,,,64,62,2017-05-05,2017-04-19,2017-07-19,8
"Post: ""Secondhand smoke causes 40,000+ US deaths per...""",2017-05-07,6072670550639,950,1,3,1,48,30,2017-05-05,2017-04-19,2017-07-19,8.28
"Post: ""Forget death, chase life. About 20% of all US...""",2017-05-07,6072665878439,1009,4,,,441,437,2017-05-05,2017-04-19,2017-07-19,8.28
"Post: ""About 40% of US non-smokers are exposed to toxic...""",2017-05-07,6072650157639,288,,1,1,5,2,2017-05-05,2017-04-19,2017-07-19,8.28
"Instagram Post",2017-05-07,6072649957239,3077,2,,,43,41,2017-05-05,2017-04-19,2017-07-19,8
"Instagram Post",2017-05-07,6072646777039,2166,2,,,26,24,2017-05-05,2017-04-19,2017-07-19,8
"Instagram Post",2017-05-06,6072616520839,1672,6,,,20,14,2017-05-04,2017-04-19,2017-07-19,8
"Post: ""Nicotine is highly addictive. Every day in the US...""",2017-05-06,6072612040439,1294,2,5,2,48,33,2017-05-04,2017-04-19,2017-07-19,8.28
"Post: ""#Smoking can shorten your life by 10 years. If...""",2017-05-06,6072607650639,516,1,3,,14,6,2017-05-04,2017-04-19,2017-07-19,8.28
"Post: ""Every day in the US 700+ youth become daily...""",2017-05-06,6072594861839,459,,1,2,21,15,2017-05-04,2017-04-19,2017-07-19,8.28
"Instagram Post",2017-05-06,6072594765839,3003,3,1,,58,54,2017-05-04,2017-04-19,2017-07-19,8
"Instagram Post",2017-05-06,6072591653839,922,9,,,115,106,2017-05-04,2017-04-19,2017-07-19,8
"Instagram Post",2017-05-05,6072557417439,1772,2,,,16,14,2017-05-03,2017-04-19,2017-07-19,8
"Post: ""Using #tobacco products can lead to addiction and...""",2017-05-05,6072554058839,409,1,,,4,,2017-05-03,2017-04-19,2017-07-19,8.28
"Post: ""#Smoking can do serious damage to your wallet....""",2017-05-05,6072549555039,1151,3,12,1,54,30,2017-05-03,2017-04-19,2017-07-19,8.28
"Post: ""100 million+ US non-smokers are exposed to toxic...""",2017-05-05,6072539815239,285,1,,1,17,11,2017-05-03,2017-04-19,2017-07-19,8.28
"Instagram Post",2017-05-05,6072539777639,925,3,,,74,71,2017-05-03,2017-04-19,2017-07-19,8
"Instagram Post",2017-05-05,6072536963839,2818,1,,,10,9,2017-05-03,2017-04-19,2017-07-19,8
"Instagram Post",2017-05-04,6072501971839,3313,3,,1,50,46,2017-05-02,2017-04-19,2017-07-19,8
"Post: ""#Smoking can destroy the tiny hairs that help...""",2017-05-04,6072498577439,572,5,,,308,303,2017-05-02,2017-04-19,2017-07-19,8.28
"Post: ""Some say they smoke to reduce stress. Nope....""",2017-05-04,6072492936639,489,1,1,1,31,24,2017-05-02,2017-04-19,2017-07-19,8.28
"Post: ""#Tobacco use causes ~20% of all US deaths-more...""",2017-05-04,6072482290839,739,,4,3,37,22,2017-05-02,2017-04-19,2017-07-19,8.28
"Instagram Post",2017-05-04,6072482214039,367,11,,,61,50,2017-05-02,2017-04-19,2017-07-19,8
"Instagram Post",2017-05-04,6072478828039,938,5,,,105,100,2017-05-02,2017-04-19,2017-07-19,8
"Instagram Post",2017-05-03,6072445032839,3633,4,,,27,23,2017-05-01,2017-04-19,2017-07-19,8
"Post: ""Protect your loved ones by living #tobaccofree....""",2017-05-03,6072441850439,616,,1,1,28,21,2017-05-01,2017-04-19,2017-07-19,8.28
"Post: ""#Smoking can damage our wallets. Smoking half a...""",2017-05-03,6072437784839,722,5,5,4,62,26,2017-05-01,2017-04-19,2017-07-19,8.28
"Post: ""If nobody smoked, about 160,000 US cancer deaths...""",2017-05-03,6072430307839,907,4,5,2,37,22,2017-05-01,2017-04-19,2017-07-19,8.28
"Instagram Post",2017-05-03,6072430287639,829,8,,,85,77,2017-05-01,2017-04-19,2017-07-19,8
"Instagram Post",2017-05-03,6072428597439,1077,5,,,72,67,2017-05-01,2017-04-19,2017-07-19,8
"Instagram Post",2017-05-02,6072408583439,1506,6,,,27,21,2017-04-30,2017-04-19,2017-07-19,8
"Post: ""Formaldehyde is used to embalm dead bodies. It is...""",2017-05-02,6072406606039,1398,2,,,444,442,2017-04-30,2017-04-19,2017-07-19,8.28
"Post: ""Using #tobacco products can lead to addiction and...""",2017-05-02,6072404407239,905,1,2,4,44,28,2017-04-30,2017-04-19,2017-07-19,8.28
"Post: ""#Smoking can weaken your immune system, leaving...""",2017-05-02,6072399421239,444,,1,2,31,22,2017-04-30,2017-04-19,2017-07-19,8.28
"Instagram Post",2017-05-02,6072399319639,707,4,,,116,112,2017-04-30,2017-04-19,2017-07-19,8
"Instagram Post",2017-05-02,6072398167439,888,7,,,85,78,2017-04-30,2017-04-19,2017-07-19,8
"Instagram Post",2017-05-01,6072381869639,688,3,,,79,76,2017-04-29,2017-04-19,2017-07-19,8
"Post: ""About 50% of 3-11 year-olds are exposed to...""",2017-05-01,6072380106839,619,,4,2,31,17,2017-04-29,2017-04-19,2017-07-19,8.28
"Post: ""In the US, 480,000 deaths are caused by a...""",2017-05-01,6072378117039,891,3,4,2,48,33,2017-04-29,2017-04-19,2017-07-19,8.28
"Post: ""If nobody used tobacco, ~40% of US cancer deaths...""",2017-05-01,6072372733839,1640,2,9,8,96,37,2017-04-29,2017-04-19,2017-07-19,8.28
"Instagram Post",2017-05-01,6072372690639,2879,5,,,20,15,2017-04-29,2017-04-19,2017-07-19,8
"Instagram Post",2017-05-01,6072371262239,2979,2,,5,54,47,2017-04-29,2017-04-19,2017-07-19,8
"Instagram Post",2017-04-30,6072350812039,2278,5,,3,38,30,2017-04-28,2017-04-19,2017-07-19,8
"Post: ""On average, every cig reduces your life by 11...""",2017-04-30,6072348415039,1060,6,6,3,46,21,2017-04-28,2017-04-19,2017-07-19,8.28
"Post: ""Over 15 million 3-11 year-olds are exposed to...""",2017-04-30,6072343635039,520,,,1,41,36,2017-04-28,2017-04-19,2017-07-19,8.28
"Post: ""#Smoking damages our DNA, which can cause cancer...""",2017-04-30,6072335481239,693,1,7,1,43,30,2017-04-28,2017-04-19,2017-07-19,8.28
"Instagram Post",2017-04-30,6072335124639,588,4,,,64,60,2017-04-28,2017-04-19,2017-07-19,8
"Instagram Post",2017-04-30,6072331757239,423,2,,,58,56,2017-04-28,2017-04-19,2017-07-19,8
"Instagram Post",2017-04-29,6072300338439,1100,5,,,11,6,2017-04-27,2017-04-19,2017-07-19,8
"Post: ""Smoking can cause cancer almost anywhere in the...""",2017-04-29,6072297103639,287,3,1,1,24,18,2017-04-27,2017-04-19,2017-07-19,8.28
"Post: ""Over 15 million 3-11 year-olds are exposed to...""",2017-04-29,6072293000439,508,,1,,19,13,2017-04-27,2017-04-19,2017-07-19,8.28
"Post: ""How does #smoking take a decade of life away?...""",2017-04-29,6072284108239,581,3,2,,34,17,2017-04-27,2017-04-19,2017-07-19,8.28
"Instagram Post",2017-04-29,6072284034039,544,4,,,60,56,2017-04-27,2017-04-19,2017-07-19,8
"Instagram Post",2017-04-29,6072281144439,504,1,,,72,71,2017-04-27,2017-04-19,2017-07-19,8
"Instagram Post",2017-04-28,6072249025239,2981,2,,,21,19,2017-04-26,2017-04-19,2017-07-19,8
"Post: ""Even occasional #smoking can hurt you. Every...""",2017-04-28,6072245693039,1181,2,7,4,62,25,2017-04-26,2017-04-19,2017-07-19,8.28
"Post: ""#Smoking half a pack per day costs about...""",2017-04-28,6072241166439,177,,2,,23,21,2017-04-26,2017-04-19,2017-07-19,8.28
"Post: ""#Smoking damages your DNA, which can lead to...""",2017-04-28,6072231220639,541,,2,1,54,43,2017-04-26,2017-04-19,2017-07-19,8.28
"Instagram Post",2017-04-28,6072231186439,653,2,,,64,62,2017-04-26,2017-04-19,2017-07-19,8
"Instagram Post",2017-04-28,6072228114039,1195,4,,,65,61,2017-04-26,2017-04-19,2017-07-19,8
"Instagram Post",2017-04-27,6072198173239,1259,3,,,28,25,2017-04-25,2017-04-19,2017-07-19,8
"Post: ""Secondhand smoke causes 40000+ US deaths per...""",2017-04-27,6072193692839,246,,1,2,19,12,2017-04-25,2017-04-19,2017-07-19,8.28
"Post: ""Smoking #cigarettes can claim more than 10 years...""",2017-04-27,6072189562439,500,,1,2,40,27,2017-04-25,2017-04-19,2017-07-19,8.28
"Post: ""Even occasional #smoking can hurt you. If nobody...""",2017-04-27,6072177297839,376,1,2,1,37,31,2017-04-25,2017-04-19,2017-07-19,8.28
"Instagram Post",2017-04-27,6072177240839,1312,4,,,45,41,2017-04-25,2017-04-19,2017-07-19,8
"Instagram Post",2017-04-27,6072173959839,628,5,,,63,58,2017-04-25,2017-04-19,2017-07-19,8
"Instagram Post",2017-04-26,6072145373239,615,8,,,78,70,2017-04-24,2017-04-19,2017-07-19,8
"Post: ""Over 16 million Americans have a disease caused...""",2017-04-26,6072142091239,344,2,,,35,27,2017-04-24,2017-04-19,2017-07-19,8.28
"Post: ""Even occasional #smoking can hurt you. Every...""",2017-04-26,6072137594039,365,,,1,22,19,2017-04-24,2017-04-19,2017-07-19,8.28
"Post: ""#Smoking can damage your wallet. Smoking half a...""",2017-04-26,6072127140839,466,,1,1,15,12,2017-04-24,2017-04-19,2017-07-19,8.28
"Instagram Post",2017-04-26,6072127041439,1851,3,,1,29,25,2017-04-24,2017-04-19,2017-07-19,8
"Instagram Post",2017-04-26,6072124102839,746,8,,,83,75,2017-04-24,2017-04-19,2017-07-19,8
"Instagram Post",2017-04-25,6072097449039,733,5,,,105,100,2017-04-23,2017-04-19,2017-07-19,8
"Post: ""If you smoke, you may be cuttin’ your time with...""",2017-04-25,6072094026039,628,2,1,,6,2,2017-04-23,2017-04-19,2017-07-19,8.28
"Post: ""480,000 US deaths are caused by a...""",2017-04-25,6072090962239,419,,3,3,39,28,2017-04-23,2017-04-19,2017-07-19,8.28
"B Free of Tobacco - Page Post Engagement",2017-04-25,6072090795039,4,,,,,,2017-04-23,2017-04-19,2017-07-19,0.04
"Instagram Post",2017-04-25,6072085297439,341,10,,,59,49,2017-04-23,2017-04-19,2017-07-19,8
"Post: ""#Smoking can shorten your life by over 12%. If...""",2017-04-25,6072085187639,889,,4,2,60,51,2017-04-23,2017-04-19,2017-07-19,8.28
"Instagram Post",2017-04-25,6072083819239,4438,3,,,17,14,2017-04-23,2017-04-19,2017-07-19,8
"Instagram Post",2017-04-24,6072066628839,1826,6,,,54,48,2017-04-22,2017-04-19,2017-07-19,8
"Post: ""Hydrogen cyanide is found in rat poison. It’s...""",2017-04-24,6072064514639,404,1,,1,25,16,2017-04-22,2017-04-19,2017-07-19,8.28
"Post: ""Polonium-210 is a chemical in #cigarette smoke....""",2017-04-24,6072061794839,308,2,,1,26,21,2017-04-22,2017-04-19,2017-07-19,8.28
"Post: ""Smokers die about 12% earlier than non-smokers....""",2017-04-24,6072055927439,803,3,1,,35,26,2017-04-22,2017-04-19,2017-07-19,8.28
"Instagram Post",2017-04-24,6072055878039,330,9,,,98,89,2017-04-22,2017-04-19,2017-07-19,8
"Instagram Post",2017-04-24,6072054000039,750,4,,,80,76,2017-04-22,2017-04-19,2017-07-19,8
"Instagram Post",2017-04-23,6072033941639,4196,1,,,8,7,2017-04-21,2017-04-19,2017-07-19,8
"Post: ""In the US, about 20% of all deaths are caused by...""",2017-04-23,6072030753439,936,1,,,356,355,2017-04-21,2017-04-19,2017-07-19,8.28
"Post: ""If you smoke, you may be cuttin’ your time with...""",2017-04-23,6072026384839,888,4,2,3,48,30,2017-04-21,2017-04-19,2017-07-19,8.28
"Post: ""About 30% of cancer deaths in the US are linked...""",2017-04-23,6072016996839,692,,1,1,31,26,2017-04-21,2017-04-19,2017-07-19,8.28
"Instagram Post",2017-04-23,6072016879239,3975,7,,,16,9,2017-04-21,2017-04-19,2017-07-19,8
"Instagram Post",2017-04-23,6072014161639,1043,5,,1,77,71,2017-04-21,2017-04-19,2017-07-19,8
"Instagram Post",2017-04-22,6071985411039,436,4,,,76,72,2017-04-20,2017-04-19,2017-07-19,8
"Post: ""Even occasional #smoking can hurt you. On...""",2017-04-22,6071982734439,650,,3,3,32,23,2017-04-20,2017-04-19,2017-07-19,8.28
"Post: ""You can never buy back time, so keep it...""",2017-04-22,6071979190639,245,1,,,25,22,2017-04-20,2017-04-19,2017-07-19,8.28
"Post: ""#Smoking damages your DNA, which can cause cancer...""",2017-04-22,6071970790839,570,,2,1,10,3,2017-04-20,2017-04-19,2017-07-19,8.28
"Instagram Post",2017-04-22,6071970656639,446,7,,,66,59,2017-04-20,2017-04-19,2017-07-19,8
"Instagram Post",2017-04-22,6071968193439,952,,,,84,84,2017-04-20,2017-04-19,2017-07-19,8
"Instagram Post",2017-04-21,6071940020839,956,2,,,84,82,2017-04-19,2017-04-19,2017-07-19,8
"Post: ""#Tobacco use causes 1300 US deaths daily-more...""",2017-04-20,6071936541039,496,,,1,22,16,2017-04-19,2017-04-19,2017-07-19,8.28
"Post: ""3 out of 4 teen smokers become adult smokers....""",2017-04-20,6071932375039,515,,,,48,46,2017-04-19,2017-04-19,2017-07-19,8.28
"Post: ""Even if someone doesn't smoke, they could be...""",2017-04-20,6071923147639,594,4,,,93,89,2017-04-19,2017-04-19,2017-07-19,8.28
"Instagram Post",2017-04-21,6071923075839,1019,6,,,91,85,2017-04-19,2017-04-19,2017-07-19,8
"Instagram Post",2017-04-21,6071919500839,276,6,,,82,76,2017-04-19,2017-04-19,2017-07-19,8
